name,state,facility_type
"Chilton County Jail","AL","Chilton County Jail"
"Cochise Regional Parole Office","AZ","Community Supervision"
"Electronic Monitoring Unit","AZ","Community Supervision"
"Flagstaff Parole Office","AZ","Community Supervision"
"Kingman Parole Office","AZ","Community Supervision"
"Mesa Regional Parole Office","AZ","Community Supervision"
"Northeastern Maricopa Parole Office","AZ","Community Supervision"
"Pinal Regional Parole Office","AZ","Community Supervision"
"Prescott Valley Parole Office","AZ","Community Supervision"
"Safford Parole Office","AZ","Community Supervision"
"Snowflake Parole Office","AZ","Community Supervision"
"Tucson Regional Parole Office","AZ","Community Supervision"
"Western Regional Parole Office","AZ","Community Supervision"
"Yuma Parole Office","AZ","Community Supervision"
"A33-ASPC-E Browning CDU (A33)","AZ","DOC Inmate Services"
"A89-ASPC-E Meadows MHMT (A89)","AZ","DOC Inmate Services"
"A91-ASPC-E Cook Medical (A91)","AZ","DOC Inmate Services"
"A92-ASPC-E Browning (A92)","AZ","DOC Inmate Services"
"ASPC-E BROWNING RMHPII (A86)","AZ","DOC Inmate Services"
"ASPC-E BROWNING UNIT II (A87)","AZ","DOC Inmate Services"
"ASPC-E BROWNING UNIT III (A88)","AZ","DOC Inmate Services"
"ASPC-E Rynning Unit -A13 (A13)","AZ","DOC Inmate Services"
"ASPC-E-RYNNING UNIT (A37)","AZ","DOC Inmate Services"
"ASPC-L BARCHEY (L72)","AZ","DOC Inmate Services"
"ASPC-L BUCKLEY TMHP (L71)","AZ","DOC Inmate Services"
"ASPC-L Eagle Point MH (L73)","AZ","DOC Inmate Services"
"ASPC-L Eagle Point MHW (L74)","AZ","DOC Inmate Services"
"ASPC-L RAST L76 (L76)","AZ","DOC Inmate Services"
"ASPC-L STINER UNIT MDM I (L68)","AZ","DOC Inmate Services"
"ASPC-L STINER UNIT MDM II (L69)","AZ","DOC Inmate Services"
"ASPC-L STINER UNIT MHWT (L70)","AZ","DOC Inmate Services"
"ASPC-L SUNRISE MINORS INTAKE I (L66)","AZ","DOC Inmate Services"
"ASPC-L Sunrise Minors MHW Close  Mental Health (L75)","AZ","DOC Inmate Services"
"ASPC-PV Complex MHW (B82)","AZ","DOC Inmate Services"
"B64 - Phoenix - Quiet MHW (B64)","AZ","DOC Inmate Services"
"B78- ASPC-PV LUMLEY PC (B78)","AZ","DOC Inmate Services"
"B79 - ASPC-PHX GEORGE MHW (B79)","AZ","DOC Inmate Services"
"B81 -ASPC-PHX JOHN MHW (B81)","AZ","DOC Inmate Services"
"B86-ASPC-PV San Pedro (B86)","AZ","DOC Inmate Services"
"C63- Tucson - Rincon (C63)","AZ","DOC Inmate Services"
"C64- Tucson - Rincon (C64)","AZ","DOC Inmate Services"
"Central Arizona Correctional Facility (M70)","AZ","DOC Inmate Services"
"Central Arizona Correctional Facility","AZ","DOC Inmate Services"
"Central Arizona Correctional Facility - Detention (M71)","AZ","DOC Inmate Services"
"Douglas - Eggers - D17 (D17)","AZ","DOC Inmate Services"
"Douglas - Eggers - D21 (D21)","AZ","DOC Inmate Services"
"Douglas - Gila - D18 (D18)","AZ","DOC Inmate Services"
"Douglas - Gila Unit - D08 (D08)","AZ","DOC Inmate Services"
"Douglas - Mohave - D06 (D06)","AZ","DOC Inmate Services"
"Douglas - Mohave - D19 (D19)","AZ","DOC Inmate Services"
"Douglas - Mohave CDU - D11 (D11)","AZ","DOC Inmate Services"
"Eyman","AZ","DOC Inmate Services"
"Eyman (A65)","AZ","DOC Inmate Services"
"Eyman - Browning (A21)","AZ","DOC Inmate Services"
"Eyman - Browning 805 (A55)","AZ","DOC Inmate Services"
"Eyman - Browning BMU (A79)","AZ","DOC Inmate Services"
"Eyman - Browning Close Management (A71)","AZ","DOC Inmate Services"
"Eyman - Browning Death Row (A27)","AZ","DOC Inmate Services"
"Eyman - Browning Intake (A50)","AZ","DOC Inmate Services"
"Eyman - Browning Mental Health (A32)","AZ","DOC Inmate Services"
"Eyman - Browning Restrictive Housing (A73)","AZ","DOC Inmate Services"
"Eyman - Browning STG (A52)","AZ","DOC Inmate Services"
"Eyman - Browning Temp Complex Detention Center (A68)","AZ","DOC Inmate Services"
"Eyman - Cook (A14)","AZ","DOC Inmate Services"
"Eyman - Meadows Complex Detention Unit (A19)","AZ","DOC Inmate Services"
"Eyman - Meadows D/ROW (A82)","AZ","DOC Inmate Services"
"Eyman - Meadows MASH (A83)","AZ","DOC Inmate Services"
"Eyman - Meadows Medium (A44)","AZ","DOC Inmate Services"
"Eyman - Pinal / Kingman Overflow (P01)","AZ","DOC Inmate Services"
"Eyman - Restricted Housing (A51)","AZ","DOC Inmate Services"
"Eyman - Rynning CLS MGM (A56)","AZ","DOC Inmate Services"
"Eyman - Rynning Complex Detention Unit (A60)","AZ","DOC Inmate Services"
"Eyman - Rynning East (A12)","AZ","DOC Inmate Services"
"Eyman - Rynning Max (A46)","AZ","DOC Inmate Services"
"Eyman - Rynning Medical (A42)","AZ","DOC Inmate Services"
"Eyman - Rynning Medical (A62)","AZ","DOC Inmate Services"
"Eyman - Rynning Mixed (A64)","AZ","DOC Inmate Services"
"Eyman - Rynning West (A69)","AZ","DOC Inmate Services"
"Eyman - SMU 1 (A08)","AZ","DOC Inmate Services"
"Eyman - SMU 1 Detention (A34)","AZ","DOC Inmate Services"
"Eyman - SMU 1 Protected Segregation (A30)","AZ","DOC Inmate Services"
"Eyman - SMU BMU (A43)","AZ","DOC Inmate Services"
"Eyman - SMU Close (A70)","AZ","DOC Inmate Services"
"Eyman - SMU East (A38)","AZ","DOC Inmate Services"
"Eyman - SMU Mental Health Watch (A40)","AZ","DOC Inmate Services"
"Eyman - SMU Temp Complex Detention Unit (A67)","AZ","DOC Inmate Services"
"Eyman - South (A84)","AZ","DOC Inmate Services"
"Eyman-Browning D/RW II (A75)","AZ","DOC Inmate Services"
"Eyman-Browning OCM (A81)","AZ","DOC Inmate Services"
"Florence","AZ","DOC Inmate Services"
"Florence - Central / U Medical (A23)","AZ","DOC Inmate Services"
"Florence - Central Close Mental Health (A58)","AZ","DOC Inmate Services"
"Florence - CU Death Row Close (A72)","AZ","DOC Inmate Services"
"Florence - East (A03)","AZ","DOC Inmate Services"
"Florence - North (A04)","AZ","DOC Inmate Services"
"Florence - South (A02)","AZ","DOC Inmate Services"
"Florence -North Yard II (A77)","AZ","DOC Inmate Services"
"Florence West","AZ","DOC Inmate Services"
"Florence West (M65)","AZ","DOC Inmate Services"
"Florence West - M55 (M55)","AZ","DOC Inmate Services"
"Florence West - M57 (M57)","AZ","DOC Inmate Services"
"Florence West - RTC (M54)","AZ","DOC Inmate Services"
"Florence West II (M66)","AZ","DOC Inmate Services"
"Fort Grant (S04)","AZ","DOC Inmate Services"
"Fort Grant - Mile Detention (S05)","AZ","DOC Inmate Services"
"Globe (B19)","AZ","DOC Inmate Services"
"Globe - Detention (B23)","AZ","DOC Inmate Services"
"IPC Unit (L11)","AZ","DOC Inmate Services"
"Kingman (M60)","AZ","DOC Inmate Services"
"Kingman","AZ","DOC Inmate Services"
"Kingman  - Medical Hualapai (M59)","AZ","DOC Inmate Services"
"Kingman - Cerbat (M61)","AZ","DOC Inmate Services"
"Kingman - Complex Detention Unit 1 (M62)","AZ","DOC Inmate Services"
"Kingman - Complex Detention Unit 2 (M58)","AZ","DOC Inmate Services"
"Kingman - MTC Otero (New Mexico) (M30)","AZ","DOC Inmate Services"
"L05 - ASPC-L Morey CDU (L05)","AZ","DOC Inmate Services"
"L77-ASPC-L Rast Max (L77)","AZ","DOC Inmate Services"
"L78-ASPC-L Rast Max (L78)","AZ","DOC Inmate Services"
"L79-ASPC-L Morey (L79)","AZ","DOC Inmate Services"
"L80-ASPC-L (L80)","AZ","DOC Inmate Services"
"L81-ASPC-L (L81)","AZ","DOC Inmate Services"
"L82-ASPC-L (L82)","AZ","DOC Inmate Services"
"L83-ASPC-L (L83)","AZ","DOC Inmate Services"
"L84-ASPC-L (L84)","AZ","DOC Inmate Services"
"L85-ASPC-L (L85)","AZ","DOC Inmate Services"
"La Palma (J11)","AZ","DOC Inmate Services"
"La Palma (J12)","AZ","DOC Inmate Services"
"LA PALMA CDU (J17)","AZ","DOC Inmate Services"
"LA PALMA CLS I (J15)","AZ","DOC Inmate Services"
"LA PALMA CLS II (J16)","AZ","DOC Inmate Services"
"LA PALMA MDM I - J13 (J13)","AZ","DOC Inmate Services"
"LA PALMA MDM II - J14 (J14)","AZ","DOC Inmate Services"
"Lewis","AZ","DOC Inmate Services"
"Lewis  - Barchey MDM III (L47)","AZ","DOC Inmate Services"
"Lewis - Bachman (L08)","AZ","DOC Inmate Services"
"Lewis - Bachman Complex Detention Unit (L09)","AZ","DOC Inmate Services"
"Lewis - Bachman Medical PC (L35)","AZ","DOC Inmate Services"
"Lewis - Bachman Medium (L44)","AZ","DOC Inmate Services"
"Lewis - Bachman Minimum PC (L34)","AZ","DOC Inmate Services"
"Lewis - Bachman RSAT (L65)","AZ","DOC Inmate Services"
"Lewis - Bachman Transitory (L16)","AZ","DOC Inmate Services"
"Lewis - Barchey Medical PS (L31)","AZ","DOC Inmate Services"
"Lewis - Barchey MHW Transition (L43)","AZ","DOC Inmate Services"
"Lewis - Barchey PS (L25)","AZ","DOC Inmate Services"
"Lewis - Buckley PS (L29)","AZ","DOC Inmate Services"
"Lewis - Buckley PS / SU (L14)","AZ","DOC Inmate Services"
"Lewis - Eagle Point General Population (L45)","AZ","DOC Inmate Services"
"Lewis - Eagle Point Minimum / General Population (L36)","AZ","DOC Inmate Services"
"Lewis - Eagle Point Transitory (L41)","AZ","DOC Inmate Services"
"Lewis - Minor Females (L51)","AZ","DOC Inmate Services"
"Lewis - Morey Close (L23)","AZ","DOC Inmate Services"
"Lewis - Morey I (L04)","AZ","DOC Inmate Services"
"Lewis - Morey II (L56)","AZ","DOC Inmate Services"
"Lewis - Morey Mash Unit (L50)","AZ","DOC Inmate Services"
"Lewis - Rast Close (L32)","AZ","DOC Inmate Services"
"Lewis - Rast Close 2 (L42)","AZ","DOC Inmate Services"
"Lewis - Rast Close IV (L64)","AZ","DOC Inmate Services"
"Lewis - Rast Close Management (L37)","AZ","DOC Inmate Services"
"Lewis - Rast CLS III (L46)","AZ","DOC Inmate Services"
"Lewis - Rast Max (L21)","AZ","DOC Inmate Services"
"Lewis - Rast Mental Health Watch (L39)","AZ","DOC Inmate Services"
"Lewis - Stiner Complex Detention Unit (L03)","AZ","DOC Inmate Services"
"Lewis - Stiner II (L52)","AZ","DOC Inmate Services"
"Lewis - Stiner L3 (L02)","AZ","DOC Inmate Services"
"Lewis - Stiner Transfer Unit (L49)","AZ","DOC Inmate Services"
"Lewis - Sunrise (L24)","AZ","DOC Inmate Services"
"Lewis - Sunrise Employment Center (L40)","AZ","DOC Inmate Services"
"Lewis - Sunrise MINORS CDU (L59)","AZ","DOC Inmate Services"
"Lewis - Sunrise MINORS FEMALES (L60)","AZ","DOC Inmate Services"
"Lewis - Sunrise MINORS MALES I (L57)","AZ","DOC Inmate Services"
"Lewis - Sunrise MINORS MALES II (L58)","AZ","DOC Inmate Services"
"Lewis - Sunrise PC (L38)","AZ","DOC Inmate Services"
"Lewis - Transitory Unit (L17)","AZ","DOC Inmate Services"
"Lewis -Minors Males (L53)","AZ","DOC Inmate Services"
"Lewis – Rast  TMHP - L63 (L63)","AZ","DOC Inmate Services"
"Lewis- Buckley II (L48)","AZ","DOC Inmate Services"
"Lewis- Minors CDU (L54)","AZ","DOC Inmate Services"
"Marana - CCTF","AZ","DOC Inmate Services"
"Marana - Detention (M51)","AZ","DOC Inmate Services"
"Marana - South (M52)","AZ","DOC Inmate Services"
"Perryville","AZ","DOC Inmate Services"
"Perryville - ASPC-PV RECEPTION (B27)","AZ","DOC Inmate Services"
"Perryville - Complex (B00)","AZ","DOC Inmate Services"
"Perryville - Hickman Beds (B73)","AZ","DOC Inmate Services"
"Perryville - Lumley 1 (B02)","AZ","DOC Inmate Services"
"Perryville - Lumley 2 (B53)","AZ","DOC Inmate Services"
"Perryville - Lumley 3 (B60)","AZ","DOC Inmate Services"
"Perryville - Lumley 4 (B63)","AZ","DOC Inmate Services"
"Perryville - Lumley CC SMI - B83 (B83)","AZ","DOC Inmate Services"
"Perryville - Lumley Close Management (B59)","AZ","DOC Inmate Services"
"Perryville - Lumley Death Row (B50)","AZ","DOC Inmate Services"
"Perryville - Lumley Long Term Care (B56)","AZ","DOC Inmate Services"
"Perryville - Lumley Medium (B62)","AZ","DOC Inmate Services"
"Perryville - Lumley Mental Health (B58)","AZ","DOC Inmate Services"
"Perryville - Lumley Mental Health (B30)","AZ","DOC Inmate Services"
"Perryville - Lumley Mental Health Watch (B57)","AZ","DOC Inmate Services"
"Perryville - MH (B69)","AZ","DOC Inmate Services"
"Perryville - Piestewa (B36)","AZ","DOC Inmate Services"
"Perryville - Piestewa Employment Center (B61)","AZ","DOC Inmate Services"
"PERRYVILLE - PV LUMLEY (B77)","AZ","DOC Inmate Services"
"Perryville - San Carlos - B42 (B42)","AZ","DOC Inmate Services"
"Perryville - San Pedro 1 (B01)","AZ","DOC Inmate Services"
"Perryville - Santa Cruz (B03)","AZ","DOC Inmate Services"
"Perryville - Santa Maria II (B66)","AZ","DOC Inmate Services"
"Perryville - Santa Maria Medium (B51)","AZ","DOC Inmate Services"
"Perryville - Santa Maria Reception (B67)","AZ","DOC Inmate Services"
"Perryville - Santa Rosa (B35)","AZ","DOC Inmate Services"
"Perryville - Special Management (B28)","AZ","DOC Inmate Services"
"Perryville - Special Needs (B41)","AZ","DOC Inmate Services"
"Perryville- Santa Cruz 2 (B65)","AZ","DOC Inmate Services"
"Phoenix","AZ","DOC Inmate Services"
"Phoenix - Alhambra (B06)","AZ","DOC Inmate Services"
"Phoenix - Aspen / SPU (B22)","AZ","DOC Inmate Services"
"Phoenix - Baker - ASPC-PHX BAKER IPC (B76)","AZ","DOC Inmate Services"
"Phoenix - Flamenco Female (B13)","AZ","DOC Inmate Services"
"Phoenix - Flamenco IDA Watch (B45)","AZ","DOC Inmate Services"
"Phoenix - Flamenco John Ward (B43)","AZ","DOC Inmate Services"
"Phoenix - Flamenco King Ward (B44)","AZ","DOC Inmate Services"
"Phoenix - Flamenco Male (B08)","AZ","DOC Inmate Services"
"Phoenix - Inmate Worker (B11)","AZ","DOC Inmate Services"
"Phoenix West (M53)","AZ","DOC Inmate Services"
"Phoenix West - 2nd Chance (M49)","AZ","DOC Inmate Services"
"Red Rock Correctional Center (M80)","AZ","DOC Inmate Services"
"Red Rock Correctional Center (M90)","AZ","DOC Inmate Services"
"Rynning CLS Unit (A85)","AZ","DOC Inmate Services"
"Safford","AZ","DOC Inmate Services"
"Safford - Detention (S03)","AZ","DOC Inmate Services"
"Safford - Globe (S07)","AZ","DOC Inmate Services"
"Safford - Globe CDU (S08)","AZ","DOC Inmate Services"
"Safford - Graham (S01)","AZ","DOC Inmate Services"
"Safford - Tonto (S02)","AZ","DOC Inmate Services"
"Safford - Tonto PC (S06)","AZ","DOC Inmate Services"
"Tucson","AZ","DOC Inmate Services"
"Tucson (C00)","AZ","DOC Inmate Services"
"Tucson - Catalina (C35)","AZ","DOC Inmate Services"
"Tucson - Catalina - C58 (C58)","AZ","DOC Inmate Services"
"Tucson - Catalina - C59 (C59)","AZ","DOC Inmate Services"
"Tucson - Cimarron C62 (C62)","AZ","DOC Inmate Services"
"Tucson - Cimarron Detention (C13)","AZ","DOC Inmate Services"
"Tucson - Cimarron L3 (C23)","AZ","DOC Inmate Services"
"Tucson - Complex Detention (CDU) (C04)","AZ","DOC Inmate Services"
"Tucson - ICE Trans (C43)","AZ","DOC Inmate Services"
"Tucson - Manzanita (C14)","AZ","DOC Inmate Services"
"Tucson - Manzanita Detention (C15)","AZ","DOC Inmate Services"
"Tucson - Manzanita MIRC (C55)","AZ","DOC Inmate Services"
"Tucson - Manzanita RMH (C44)","AZ","DOC Inmate Services"
"Tucson - Manzanita S.N.U.GP (C19)","AZ","DOC Inmate Services"
"Tucson - Minors (C09)","AZ","DOC Inmate Services"
"Tucson - Minors 2 (C46)","AZ","DOC Inmate Services"
"Tucson - Minors Female (C51)","AZ","DOC Inmate Services"
"Tucson - Minors GP II (C40)","AZ","DOC Inmate Services"
"Tucson - Rincon (C01)","AZ","DOC Inmate Services"
"Tucson - Rincon - C57 (C57)","AZ","DOC Inmate Services"
"Tucson - Rincon - C61 (C61)","AZ","DOC Inmate Services"
"Tucson - Rincon BHU (C34)","AZ","DOC Inmate Services"
"Tucson - Rincon II (C50)","AZ","DOC Inmate Services"
"Tucson - Rincon Mental Health (C29)","AZ","DOC Inmate Services"
"Tucson - Rincon MH Program MH MH (C53)","AZ","DOC Inmate Services"
"Tucson - Rincon MHW II MH MH (C54)","AZ","DOC Inmate Services"
"Tucson - Rincon SNU / General Population (C42)","AZ","DOC Inmate Services"
"Tucson - Santa Cruz County Jail (D36)","AZ","DOC Inmate Services"
"Tucson - Santa Rita (C02)","AZ","DOC Inmate Services"
"Tucson - Transitory - C22 (C22)","AZ","DOC Inmate Services"
"Tucson - Whetstone (C37)","AZ","DOC Inmate Services"
"Tucson - Whetstone-C56 (C56)","AZ","DOC Inmate Services"
"Tucson - Winchester (C41)","AZ","DOC Inmate Services"
"Tucson -St Marys Hsp - C60 (C60)","AZ","DOC Inmate Services"
"Tucson Rincon Reception (C52)","AZ","DOC Inmate Services"
"Tuscon - Manzanita MHW Transition (C48)","AZ","DOC Inmate Services"
"Winslow","AZ","DOC Inmate Services"
"Winslow - Apache (W05)","AZ","DOC Inmate Services"
"Winslow - Apache County Jail (W16)","AZ","DOC Inmate Services"
"Winslow - Apache Detention (W06)","AZ","DOC Inmate Services"
"Winslow - Complex Detention Unit (W03)","AZ","DOC Inmate Services"
"Winslow - Coronado (W01)","AZ","DOC Inmate Services"
"Winslow - Kaibab (W02)","AZ","DOC Inmate Services"
"Winslow - Kaibab North (W12)","AZ","DOC Inmate Services"
"Winslow - Kaibab W19 (W19)","AZ","DOC Inmate Services"
"Winslow - Navajo County Jail (W15)","AZ","DOC Inmate Services"
"Winslow- Kaibab - W18 (W18)","AZ","DOC Inmate Services"
"Winslow- Kaibab WRKR (W17)","AZ","DOC Inmate Services"
"Yuma","AZ","DOC Inmate Services"
"Yuma - Dakota II (Y13)","AZ","DOC Inmate Services"
"Yuma - Dakota MHW (Y12)","AZ","DOC Inmate Services"
"AZ Visitor Background Fee (AZVB)","AZ","Visitor background"
"Apache County Jail","AZ","Apache County Jail"
"Yavapai County Sheriff's Office","AZ","Yavapai County Sheriffs Office"
"Mississippi County Detention Center","AR","MISSISSIPPI COUNTY DETENTION CENTER"
"Osceola Criminal Justice Center","AR","Osceola Criminal Justice Center"
"AMADOR COUNTY JAIL","CA","AMADOR COUNTY JAIL"
"DEL NORTE COUNTY SHERIFF'S OFFICE","CA","DEL NORTE COUNTY SHERIFFS OFFICE"
"Kern County Lerdo Justice Facility","CA","Kern County"
"Kern County Lerdo Pretrial Facility","CA","Kern County"
"Mesa Verde Detention Facility","CA","Mesa Verde Detention Facility"
"Sacramento Co Main Jail","CA","Sacramento Co"
"Sacramento Co Rio Cosumnes Corr Ctr","CA","Sacramento Co"
"Sacramento County Youth Detention Facility YDF","CA","Sacramento Co"
"Sacramento Youth DF","DF","Sacramento Youth"
"San Joaquin Co Jail","CA","San Joaquin Co Jail"
"Taft Community Correctional Facility","CA","Taft Community Correctional Facility"
"East Valley Jail","CA","Ventura County"
"Todd Road Jail Facility","CA","Ventura County"
"Ventura County Pretrial Detention Facility","CA","Ventura County"
"Denver County Jail","CO","Denver County Jail"
"Denver Downtown Det Ctr","CO","Denver County Jail"
"LINCOLN COUNTY SHERIFF'S OFFICE","CO","LINCOLN COUNTY SHERIFFS OFFICE"
"Summit County Jail","CO","Summit County Jail"
"Apalachee Correctional Institution, East Unit","FL","Florida Department of Corrections"
"Apalachee Correctional Institution, West Unit","FL","Florida Department of Corrections"
"ATLANTIC W.R.C.","FL","Florida Department of Corrections"
"Avon Park Correctional Institution","FL","Florida Department of Corrections"
"Avon Park Work Camp","FL","Florida Department of Corrections"
"Baker Correctional Institution","FL","Florida Department of Corrections"
"Baker Re- Entry","FL","Florida Department of Corrections"
"Baker Work Camp","FL","Florida Department of Corrections"
"Bay Correctional and Rehabilitation Facility","FL","Florida Department of Corrections"
"Blackwater River Correctional Facility","FL","Florida Department of Corrections"
"Calhoun Correctional Institution","FL","Florida Department of Corrections"
"Calhoun Correctional Institution, Work Camp","FL","Florida Department of Corrections"
"Central Florida Reception Center","FL","Florida Department of Corrections"
"Central Florida Reception Center (East)","FL","Florida Department of Corrections"
"Central Florida Reception Center -South","FL","Florida Department of Corrections"
"Century Correctional Institution","FL","Florida Department of Corrections"
"Century Correctional Institution, Work Camp","FL","Florida Department of Corrections"
"Charlotte Correctional Institution","FL","Florida Department of Corrections"
"Cocoa WRC","FL","Florida Department of Corrections"
"Columbia Annex","FL","Florida Department of Corrections"
"Columbia Correctional Institution","FL","Florida Department of Corrections"
"Columbia Work Camp","FL","Florida Department of Corrections"
"Cross City Correctional Institution","FL","Florida Department of Corrections"
"Cross City East Unit","FL","Florida Department of Corrections"
"Cross City Work Camp","FL","Florida Department of Corrections"
"Dade Correctional Institution","FL","Florida Department of Corrections"
"Daytona WRC","FL","Florida Department of Corrections"
"DeSoto Annex","FL","Florida Department of Corrections"
"DeSoto Work Camp","FL","Florida Department of Corrections"
"Everglades Correctional Institution","FL","Florida Department of Corrections"
"Everglades Re – Entry","FL","Florida Department of Corrections"
"Florida State Prison","FL","Florida Department of Corrections"
"Florida State Prison West Unit","FL","Florida Department of Corrections"
"Florida Women's Reception Center","FL","Florida Department of Corrections"
"Fort Myers Work Camp","FL","Florida Department of Corrections"
"Fort Pierce WRC","FL","Florida Department of Corrections"
"Franklin Correctional Institution","FL","Florida Department of Corrections"
"Franklin Correctional Institution, Work Camp","FL","Florida Department of Corrections"
"Gadsden Correctional Facility Media Services","FL","Florida Department of Corrections"
"Gadsden Re-Entry Center","FL","Florida Department of Corrections"
"Gainesville Correctional Institution","FL","Florida Department of Corrections"
"Gainesville Work Camp","FL","Florida Department of Corrections"
"Graceville Correctional Facility","FL","Florida Department of Corrections"
"Graceville Work Camp","FL","Florida Department of Corrections"
"GULF C.I.- ANNEX","FL","Florida Department of Corrections"
"Gulf Correctional Institution","FL","Florida Department of Corrections"
"Gulf Forestry Camp","FL","Florida Department of Corrections"
"Hamilton Annex","FL","Florida Department of Corrections"
"Hamilton Correctional Institution","FL","Florida Department of Corrections"
"Hamilton Work Camp","FL","Florida Department of Corrections"
"Hardee Correctional Institution","FL","Florida Department of Corrections"
"Hardee Work Camp","FL","Florida Department of Corrections"
"Hernando Correctional Institution","FL","Florida Department of Corrections"
"Hollywood WRC","FL","Florida Department of Corrections"
"Holmes Correctional Institution","FL","Florida Department of Corrections"
"Holmes Work Camp","FL","Florida Department of Corrections"
"Homestead Correctional Institution","FL","Florida Department of Corrections"
"Jackson Correctional Institution","FL","Florida Department of Corrections"
"Jackson Work Camp","FL","Florida Department of Corrections"
"Jefferson Correctional Institution","FL","Florida Department of Corrections"
"Kissimmee WRC","FL","Florida Department of Corrections"
"Lake City Correctional Facility","FL","Florida Department of Corrections"
"Lake City WRC","FL","Florida Department of Corrections"
"Lake Correctional Institution","FL","Florida Department of Corrections"
"Lancaster Correctional Institution","FL","Florida Department of Corrections"
"Lancaster Work Camp","FL","Florida Department of Corrections"
"Largo Road Prison","FL","Florida Department of Corrections"
"Lawtey Correctional Institution","FL","Florida Department of Corrections"
"Liberty Correctional Institution","FL","Florida Department of Corrections"
"Liberty South","FL","Florida Department of Corrections"
"Liberty Work Camp","FL","Florida Department of Corrections"
"Lowell Annex","FL","Florida Department of Corrections"
"Lowell Correctional Institution","FL","Florida Department of Corrections"
"Lowell Work Camp","FL","Florida Department of Corrections"
"Loxahatchee R.P.","FL","Florida Department of Corrections"
"Madison Correctional Institution - FL","FL","Florida Department of Corrections"
"Madison Work Camp","FL","Florida Department of Corrections"
"Marion Correctional Institution - FL","FL","Florida Department of Corrections"
"Marion Work Camp","FL","Florida Department of Corrections"
"Martin Correctional Institution","FL","Florida Department of Corrections"
"Martin Work Camp","FL","Florida Department of Corrections"
"Mayo Annex","FL","Florida Department of Corrections"
"Mayo Work Camp","FL","Florida Department of Corrections"
"Miami North WRC (Male)","FL","Florida Department of Corrections"
"Moore Haven Correctional Facility","FL","Florida Department of Corrections"
"New River Correctional Institution","FL","Florida Department of Corrections"
"New River East Correctional Institution (NAFL3)","FL","Florida Department of Corrections"
"New River West Correctional Institution (NAFL4)","FL","Florida Department of Corrections"
"Northwest Florida Reception Center (Annex)","FL","Florida Department of Corrections"
"Northwest Florida Reception Center- Main Unit","FL","Florida Department of Corrections"
"Okaloosa Correctional Institution","FL","Florida Department of Corrections"
"Okaloosa Work Camp","FL","Florida Department of Corrections"
"Okeechobee Correctional Institution","FL","Florida Department of Corrections"
"Okeechobee Work Camp","FL","Florida Department of Corrections"
"Opa Locka WRC","FL","Florida Department of Corrections"
"Orlando WRC (Female)","FL","Florida Department of Corrections"
"Panama City WRC","FL","Florida Department of Corrections"
"Pensacola WRC","FL","Florida Department of Corrections"
"Pinellas WRC","FL","Florida Department of Corrections"
"Polk Correctional Institution","FL","Florida Department of Corrections"
"Polk Work Camp","FL","Florida Department of Corrections"
"Putnam Correctional Institution","FL","Florida Department of Corrections"
"Quincy Annex","FL","Florida Department of Corrections"
"Reception and Medical Center-West Unit","FL","Florida Department of Corrections"
"River Junction Work Camp","FL","Florida Department of Corrections"
"RMC Main Unit","FL","Florida Department of Corrections"
"RMC Work Camp","FL","Florida Department of Corrections"
"SAGO PALM RE-ENTRY C","FL","Florida Department of Corrections"
"Santa Fe WRC","FL","Florida Department of Corrections"
"Santa Rosa (Annex)","FL","Florida Department of Corrections"
"Santa Rosa Correctional Institution","FL","Florida Department of Corrections"
"Santa Rosa Work Camp","FL","Florida Department of Corrections"
"South Bay Correctional Facility","FL","Florida Department of Corrections"
"South Florida Reception Center","FL","Florida Department of Corrections"
"South Florida Reception Center (South Unit)","FL","Florida Department of Corrections"
"St. Petersburg WRC","FL","Florida Department of Corrections"
"Sumter Annex","FL","Florida Department of Corrections"
"Sumter B.T.U","FL","Florida Department of Corrections"
"Sumter Correctional Institution","FL","Florida Department of Corrections"
"Sumter Work Camp","FL","Florida Department of Corrections"
"SUWANNEE C.I","FL","Florida Department of Corrections"
"SUWANNEE C.I. ANNEX","FL","Florida Department of Corrections"
"Suwannee Work Camp","FL","Florida Department of Corrections"
"Tallahassee W.R.C.","FL","Florida Department of Corrections"
"Tarpon Springs WRC","FL","Florida Department of Corrections"
"Taylor ANNEX","FL","Florida Department of Corrections"
"Taylor Correctional Institution","FL","Florida Department of Corrections"
"Taylor Work Camp","FL","Florida Department of Corrections"
"Tomoka Correctional Institution","FL","Florida Department of Corrections"
"Tomoka Work Camp","FL","Florida Department of Corrections"
"Union Correctional Institution","FL","Florida Department of Corrections"
"Union Work Camp","FL","Florida Department of Corrections"
"W. Palm Beach WRC","FL","Florida Department of Corrections"
"Wakulla Annex","FL","Florida Department of Corrections"
"Wakulla Correctional Institution","FL","Florida Department of Corrections"
"Wakulla Work Camp","FL","Florida Department of Corrections"
"Walton Correctional Institution","FL","Florida Department of Corrections"
"Walton Work Camp","FL","Florida Department of Corrections"
"Zephyrhills Correctional Institution","FL","Florida Department of Corrections"
"Citrus County Detention Facility","FL","Citrus County Detention Facility"
"Leon county Jail","FL","Leon County Jail"
"Madison Co Jail","FL","Madison Co Jail"
"Palm Beach Bell Glade Det","FL","Palm Beach Co Sheriffs Office"
"Palm Beach Main Det","FL","Palm Beach Co Sheriffs Office"
"Pinellas County Jail","FL","Pinellas County Jail"
"Bulloch County Sheriff's Office","GA","Bulloch County Sheriffs Office"
"Grady County Jail","GA","Grady County Jail"
"Muscogee County Prison, GA (MUSCOGEE CO. PRISON)","GA","Muscogee County Prison"
"Bannock County Jail","ID","Bannock County Jail"
"Saline County Jail","IL","Saline Co Jail"
"VERMILION COUNTY JAIL","IL","Vermilion County Jail"
"Washington County Jail","IL","Washington County Jail"
"Elkhart Co Jail IN","IN","Elkhart Co Jail"
"HARRISON COUNTY SHERIFF'S DEPT","IN","HARRISON CO SHERIFFS DEPT"
"Kosciusko County Jail","IN","Kosciusko County Jail"
"KOSCIUSKO COUNTY WORK RELEASE","IN","Kosciusko County Work Release"
"LaPorte County Jail","IN","LaPorte County Jail"
"Lawrence County Sheriff's Office","IN","Lawrence County Sheriffs Office"
"Madison Co Sheriff Dept","IN","Madison Co Sheriff Dept"
"Madison County Correctional Complex","IN","Madison County Correctional Complex"
"Madison County Work Release","IN","Madison County Correctional Complex"
"Marion County Juvenile Detention Center","IN","Marion County Juvenile Detention Center"
"Montgomery Co Sheriffs Dept","IN","Montgomery Co Sheriffs Dept"
"STORY COUNTY JAIL","IA","STORY COUNTY JAIL"
"McPherson Co Jail","KS","McPherson Co Jail"
"OTTAWA COUNTY JAIL","KS","Ottawa Co Jail"
"Clay County Detention Center","KY","Clay County Detention Ctr"
"HART COUNTY JAIL","KY","Hart County Jail"
"Henderson County Detention Center (HENDERSONKY)","KY","Henderson County Detention Center"
"Meade County Jail","KY","Meade County Jail"
"Scott Co Det Ctr","KY","Scott Co Det Ctr"
"Warren County Regional Jail, KY (WARRENKY)","KY","Warren County Regional Jail"
"Aroostook County Jail","ME","Aroostook County Jail"
"Oxford County Jail","ME","Oxford County Jail"
"Waldo County Jail","ME","Waldo County Jail"
"WASHINGTON COUNTY JAIL","ME","Washington County Jail"
"York County Jail","ME","York County Jail"
"QUEEN ANNE'S COUNTY DETENTION CENTER","MD","QUEEN ANNES COUNTY DETENTION CENTER"
"Washington County Detention Center, MD (WAS)","MD","Washington County Detention Center"
"NORFOLK COUNTY CORRECTIONAL CENTER","MA","NORFOLK COUNTY CORRECTIONAL CENTER"
"Money Kiosk Berkshire","MA","Berkshire County House of Corrections"
"Ash Street Jail & Regional Lock Up","MA","Bristol County"
"Bristol County Faunce Corner","MA","Bristol County"
"Essex County Middleton Jail","MA","Essex County Middleton Jail"
"Essex County Women in Transit","MA","Essex County Middleton Jail"
"Middlesex county MA","MA","Middlesex Co"
"PLYMOUTH COUNTY CORRECTIONAL FACILITY","MA","Plymouth County Correctional Facility"
"Suffolk County Jail","MA","Suffolk Co Sheriffs Dept"
"St. Joseph County Jail","MI","St Joseph Co Jail"
"ALGER COUNTY SHERIFF'S DEPT","MI","Alger County Sheriffs Dept"
"Chippewa County Jail","MI","Chippewa County Jail"
"Clinton Co Jail","MI","Clinton Co Jail"
"Gogebic Co Sheriff's Dept","MI","Gogebic Co Sheriffs Dept"
"Midland County Jail","MI","Midland County Jail"
"Muskegon Co Jail","MI","Muskegon Co Jail"
"NORTHWEST REGIONAL CORRECTIONS CENT","MN","Northwest Regional Corr Ctr"
"Dakota Co Sheriffs Dept","MN","Dakota Co Sheriffs Dept"
"Mille Lacs County Jail","MN","Mille Lacs County Jail"
"WASHINGTON COUNTY JAIL","MN","WASHINGTON COUNTY JAIL"
"CHICKASAW COUNTY JAIL (CHICKASAW COUNTY JAIL)","MS","Chickasaw County Jail"
"CHICKASAW COUNTY REGIONAL CORRECTIONAL FACILITY (CHICKASAW COUNTY REGIONAL CORRECTIONAL FACILITY)","MS","Chickasaw County Jail"
"Issaquena County Correctional","MS","Issaquena County Correctional"
"Issaquena County Correctional State","MS","Issaquena County Correctional"
"CAPE GIRARDEAU COUNTY JAIL","MO","CAPE GIRARDEAU COUNTY JAIL"
"Pettis Co Jail","MO","Pettis Co Jail"
"St Louis Co Jail","MO","St Louis Co Jail"
"Lincoln County Sheriffs Dept","MT","Lincoln County Sheriffs Dept"
"Sarpy Co Jail","NE","Sarpy Co"
"Sarpy Co Juvy Justice Ctr","NE","Sarpy Co"
"Churchill County Sheriff's Office NV","NV","Churchill County Sheriffs Office"
"Henderson Detention Center","NV","Henderson Detention Center"
"Humboldt County","NV","Humboldt County"
"Belknap County HOC","NH","Belknap County HOC"
"Rockingham DOC","NH","Rockingham County DOC"
"LUNA COUNTY DETENTION FACILITY","NM","LUNA COUNTY DETENTION FACILITY"
"Eddy County Adult Detention","NM","Eddy County Adult Detention"
"Eddy County Bldg 2 NM","NM","Eddy County Adult Detention"
"HIDALGO COUNTY DETENTION CENTER","NM","HIDALGO COUNTY DETENTION CENTER"
"Roosevelt County Adult Detention Center","NM","Roosevelt County Adult Detention Center"
"San Miguel County Detention Center","NM","San Miguel County Detention Center"
"Cattaraugus County Jail","NY","Cattaraugus County Jail"
"Franklin County Sheriff's Dept","NY","FRANKLIN COUNTY SHERIFF DEPT"
"Fulton County Correctional Facility","NY","Fulton County Correctional Facility"
"Jefferson County Correctional Facility","NY","Jefferson County Correctional Facility"
"Suffolk County Riverhead","NY","Suffolk County"
"Suffolk County Yaphank","NY","Suffolk County"
"Tompkins County Jail","NY","Tompkins County Jail"
"CLEVELAND COUNTY DETENTION FACILITY","NC","CLEVELAND COUNTY DETENTION FACILITY"
"CLEVELAND COUNTY JAIL ANNEX","NC","CLEVELAND COUNTY DETENTION FACILITY"
"STANLY COUNTY JAIL","NC","Stanly County Jail"
"Brunswick Co Jail","NC","Brunswick Co Jail"
"Franklin County Detention Center","NC","Franklin County Detention Center"
"Johnston Co Det Ctr","NC","Johnston Co Det Ctr"
"Johnston Co Jail","NC","Johnston Co Det Ctr"
"ONSLOW COUNTY JAIL","NC","ONSLOW COUNTY JAIL"
"Pamlico Co Det Fac","NC","Pamlico Co Det Fac"
"Rutherford County Detention Center","NC","Rutherford County Detention Center"
"Heart of America Correctional","ND","Heart of America Correctional  Treatment Cntr"
"HOA DOC","ND","Heart of America Correctional  Treatment Cntr"
"Butler County Adult Probation (824MLK)","OH","Butler County Adult Probation"
"Clinton County Adult Detention","OH","Clinton County Adult Detention"
"Cuyahoga County Juvenile Detention","OH","Cuyahoga County Justice Center"
"East Ohio Correctional Center Annex","OH","East Ohio Correctional Center"
"East Ohio Correctional Center","OH","East Ohio Correctional Center"
"Hancock County Sheriff's Office (HANCOCKOH)","OH","Hancock County Sheriffs Office"
"Washington CCC","OR","Washington County"
"Washington County","OR","Washington County"
"Adams County Clerk Of Courts","PA","Adams County Clerk of Courts"
"Monroe County Correctional Facility","PA","Monroe Co Corr Fac"
"Wyoming County Correctional","PA","Wyoming County Corr Facility"
"Anderson City Jail","SC","Anderson City Jail"
"Charleston Co Det Ctr","SC","Charleston Co Det Ctr"
"Charleston Co Juvy Det Ctr","SC","Charleston Co Det Ctr"
"Dillon County Jail","SC","Dillon County Jail"
"Fairfield Co Det Ctr","SC","Fairfield Co Det Ctr"
"Pickens County Detention Facility","SC","Pickens County Detention Facility"
"SUMTER COUNTY DETENTION CENTER","SC","SUMTER COUNTY DETENTION CENTER"
"Bedford County Sheriffs Department","TN","Bedford County Sheriffs Department"
"Bradley County Jail","TN","Bradley County Jail"
"Carter County Jail","TN","Carter County Jail"
"Dekalb County Jail","TN","DEKALB COUNTY JAIL"
"Hamilton County Alternative Sentencing (HCC)","TN","Hamilton County Alternative Sentencing"
"Johnson County Jail","TN","Johnson County Jail"
"MARION COUNTY JAIL","TN","Marion County Jail"
"MCMINN COUNTY JUSTICE CENTER","TN","MCMINN COUNTY JUSTICE CENTER"
"Montgomery Co Jail","TN","Montgomery Co Jail"
"Montgomery Co WH","TN","Montgomery Co Jail"
"Rhea County Jail","TN","Rhea County Jail"
"WARREN COUNTY JAIL (WRN)","TN","WARREN COUNTY JAIL"
"Dallas County CSCD","TX","Dallas County CSCD"
"Dallas Co Lew Sterrett North Tower","TX","Dallas County Jail"
"Dallas Co Lew Sterrett West Tower","TX","Dallas County Jail"
"Dallas Co Suzanne Kays Det Ctr","TX","Dallas County Jail"
"Dallas County Jail (DCJ)","TX","Dallas County Jail"
"Fannin County Detention","TX","Fannin County Detention"
"FANNIN COUNTY JAIL ANNEX","TX","Fannin County Detention"
"FORT BEND COUNTY CORRECTIONAL FACILITY","TX","Fort Bend County Correctional Facility"
"Gateway Foundation - Atascocita Men's Facility","TX","Gateway Foundation   Atascocita Mens Facility"
"GRAND PRAIRIE POLICE DEPT","TX","Grand Prairie Police Dept"
"Harris County Sheriff’s Office","TX","Harris County Sheriffs Office"
"Hays Co Law Enforcement Ctr","TX","Hays Co Law Enforcement Ctr"
"MONTGOMERY COUNTY JAIL","TX","Montgomery County Jail"
"Rockwall County Jail","TX","Rockwall County Jail"
"Box Elder County Jail","UT","Box Elder County Jail"
"Sanpete County Jail","UT","SANPETE COUNTY JAIL"
"UTAH COUNTY JAIL","UT","UTAH COUNTY JAIL"
"Weber County Correctional Facility","UT","Weber County Correctional Facility"
"Accomack County Jail","VA","Accomack County Jail"
"Arlington County Det Ctr","VA","Arlington County Detention Center"
"Chesapeake Correctional Center","VA","Chesapeake Correctional Center"
"Lancaster County Jail","VA","Lancaster County Corrections Center"
"Middle Peninsula Reg Jail","VA","Middle Peninsula Reg Jail"
"Northern Neck Reg Jail","VA","Northern Neck Reg Jail"
"SUSSEX COUNTY JAIL","VA","SUSSEX COUNTY JAIL"
"CITY OF KENT","WA","City of Kent"
"King County Correctional Facility","WA","King County"
"King County Maleng Regional Justice Center","WA","King County"
"Lynnwood Police Department","WA","Lynnwood Police Department"
"Score-South Correctional Entity","WA","Score South Correctional Entity"
"Spokane County Geiger Corrections Center","WA","Spokane County Detention Services"
"Spokane County Jail","WA","Spokane County Detention Services"
"Yakima County Jail Main and Annex","WA","Yakima County Jail Main and Annex"
"Brown Co Jail","WI","Brown Co Jail"
"Brown County Work Release","WI","Brown Co Jail"
"Eau Claire County Jail - Main","WI","Eau Claire County Sheriffs Office"
"Juneau Co Justice Ctr","WI","Juneau Co Justice Ctr"
"La Crosse County Jail","LA","CROSSE COUNTY JAIL"
"Monroe County Sheriffs Office","WI","Monroe Co"
"Racine County Jail - Doc Inmates","WI","RACINE COUNTY JAIL"
"RACINE COUNTY JAIL","WI","RACINE COUNTY JAIL"
"Sheboygan County Detention Center","WI","Sheboygan Co Det Ctr"
"Sheboygan County Jail","WI","Sheboygan Co Det Ctr"